{
  "hash": "f1e59bec",
  "configHash": "648f887b",
  "lockfileHash": "69401646",
  "browserHash": "c081353e",
  "optimized": {
    "@angular/core": {
      "src": "../../../../../node_modules/@angular/core/fesm2022/core.mjs",
      "file": "@angular_core.js",
      "fileHash": "ae37cc4c",
      "needsInterop": false
    },
    "@angular/platform-browser": {
      "src": "../../../../../node_modules/@angular/platform-browser/fesm2022/platform-browser.mjs",
      "file": "@angular_platform-browser.js",
      "fileHash": "668f7702",
      "needsInterop": false
    },
    "@angular/router": {
      "src": "../../../../../node_modules/@angular/router/fesm2022/router.mjs",
      "file": "@angular_router.js",
      "fileHash": "b5acaf7e",
      "needsInterop": false
    }
  },
  "chunks": {
    "chunk-G4YRV3V7": {
      "file": "chunk-G4YRV3V7.js"
    },
    "chunk-BI4TYEGP": {
      "file": "chunk-BI4TYEGP.js"
    }
  }
}